arm,rate_seconds,rep,step_budget,completed,timed_out,makespan_sec,num_interruptions,num_checkpoints,checkpoint_bytes_total,wasted_compute_sec,recovery_time_sec,lead_time_sec,cost_usd,cost_on_demand_usd,cost_savings_vs_ondemand_pct
no-protection,120,0,500,True,False,353.590505361557,4,0,0,193.92241311073303,26.059460322062176,,0.005696735919713974,0.007833333333333333,27.275711663225856
no-protection,120,1,500,True,False,535.8316631317139,5,0,0,373.7431597709656,94.54520589113235,,0.008632843461566501,0.007833333333333333,-10.206512275317037
no-protection,120,2,500,True,False,311.782461643219,2,0,0,156.69813752174377,95.76014280319214,,0.005023161882029639,0.007833333333333333,35.87452916557907
no-protection,120,3,500,True,False,456.6064496040344,9,0,0,287.0914719104767,33.20233657956123,,0.007356437243620555,0.007833333333333333,6.088035187822705
no-protection,120,4,500,True,False,150.94539284706116,0,0,0,0.0,,,0.002431897995869319,0.007833333333333333,68.95449366975338
no-protection,1800,0,500,True,False,150.8375961780548,0,0,0,0.0,,,0.0024301612717575497,0.007833333333333333,68.97666461586107
no-protection,1800,1,500,True,False,223.46938729286194,1,0,0,70.60061717033386,,,0.0036003401286072204,0.007833333333333333,54.03821112416314
no-protection,1800,2,500,True,False,150.917471408844,0,0,0,0.0,,,0.00243144815047582,0.007833333333333333,68.96023637690443
no-protection,1800,3,500,True,False,150.89264822006226,0,0,0,0.0,,,0.0024310482213232257,0.007833333333333333,68.96534185544819
no-protection,1800,4,500,True,False,150.8690071105957,0,0,0,0.0,,,0.00243066733678182,0.007833333333333333,68.97020421129592
no-protection,300,0,500,True,False,150.84688568115234,0,0,0,0.0,,,0.002430310935974121,0.007833333333333333,68.97475400884102
no-protection,300,1,500,True,False,164.43538451194763,1,0,0,11.77433180809021,,,0.0026492367504702677,0.007833333333333333,66.1799563769753
no-protection,300,2,500,True,False,150.90166878700256,0,0,0,0.0,,,0.002431193552679486,0.007833333333333333,68.96348656153847
no-protection,300,3,500,True,False,247.84079265594482,1,0,0,95.15953922271729,,,0.003992990548345778,0.007833333333333333,49.02565257430922
no-protection,300,4,500,True,False,150.82300543785095,0,0,0,0.0,,,0.0024299261987209323,0.007833333333333333,68.97966554824342
no-protection,600,0,500,True,False,150.77789306640625,0,0,0,0.0,,,0.0024291993882921007,0.007833333333333333,68.98894397924977
no-protection,600,1,500,True,False,176.33599209785461,1,0,0,23.53687596321106,,,0.0028409687615765468,0.007833333333333333,63.73231368200153
no-protection,600,2,500,True,False,150.9616334438324,0,0,0,0.0,,,0.002432159649928411,0.007833333333333333,68.95115340516922
no-protection,600,3,500,True,False,150.85751867294312,0,0,0,0.0,,,0.002430482245286306,0.007833333333333333,68.9725670814514
no-protection,600,4,500,True,False,150.92566633224487,0,0,0,0.0,,,0.0024315801797972787,0.007833333333333333,68.95855089620495
periodic,120,0,500,True,False,158.89896416664124,2,24,94827768,4.238351345062256,4.788357973098755,,0.00256003886712922,0.007833333333333333,67.31865276005252
periodic,120,1,500,True,False,163.34767127037048,2,24,94827768,8.156610488891602,145.05223107337952,,0.0026317124815781914,0.007833333333333333,66.40367044793798
periodic,120,2,500,True,False,155.10295748710632,1,24,94827768,2.1104676723480225,,,0.002498880981736713,0.007833333333333333,68.09939172251005
periodic,120,3,500,True,False,164.8275032043457,3,24,94827768,7.241376638412476,47.3944171667099,,0.0026555542182922364,0.007833333333333333,66.09930785158846
periodic,120,4,500,True,False,151.62478923797607,0,24,94827768,0.0,,,0.002442843826611837,0.007833333333333333,68.81475966027442
periodic,1800,0,500,True,False,153.06848764419556,0,24,94827768,0.0,,,0.002466103412045373,0.007833333333333333,68.51782878239949
periodic,1800,1,500,True,False,160.97029089927673,1,24,94827768,3.3486878871917725,,,0.002593410242266125,0.007833333333333333,66.8926352051133
periodic,1800,2,500,True,False,152.65075135231018,0,24,94827768,0.0,,,0.002459373216231664,0.007833333333333333,68.60374617576599
periodic,1800,3,500,True,False,152.77155327796936,0,24,94827768,0.0,,,0.0024613194694783954,0.007833333333333333,68.5789003896375
periodic,1800,4,500,True,False,152.93910121917725,0,24,94827768,0.0,,,0.002464018852975634,0.007833333333333333,68.54444017477914
periodic,300,0,500,True,False,152.60010766983032,0,24,94827768,0.0,,,0.002458557290236155,0.007833333333333333,68.6141622523044
periodic,300,1,500,True,False,163.0264434814453,1,24,94827768,5.176601409912109,,,0.0026265371449788414,0.007833333333333333,66.46973857473819
periodic,300,2,500,True,False,152.5443413257599,0,24,94827768,0.0,,,0.002457658832470576,0.007833333333333333,68.62563192590754
periodic,300,3,500,True,False,160.55234146118164,1,24,94827768,3.0508997440338135,,,0.0025866766124301487,0.007833333333333333,66.97859643706192
periodic,300,4,500,True,False,152.746488571167,0,24,94827768,0.0,,,0.002460915649202135,0.007833333333333333,68.5840555421004
periodic,600,0,500,True,False,152.7346248626709,0,24,94827768,0.0,,,0.0024607245116763645,0.007833333333333333,68.58649559562087
periodic,600,1,500,True,False,164.1073455810547,1,24,94827768,4.604514837265015,,,0.002643951678805881,0.007833333333333333,66.24742537694618
periodic,600,2,500,True,False,152.9383134841919,0,24,94827768,0.0,,,0.0024640061616897583,0.007833333333333333,68.54460219119457
periodic,600,3,500,True,False,152.7971634864807,0,24,94827768,0.0,,,0.0024617320783933004,0.007833333333333333,68.57363304178764
periodic,600,4,500,True,False,153.0223469734192,0,24,94827768,0.0,,,0.002465360034571754,0.007833333333333333,68.52731870759463
predictive,120,0,500,True,False,353.1922435760498,96,96,379311072,0.0,3.650176434767874,600.0,0.005690319479836358,0.007833333333333333,27.35762366166351
predictive,120,1,500,False,True,,245,245,968033465,0.0,2.432366162049966,600.0,,0.007833333333333333,
predictive,120,2,500,False,True,,260,260,1027300820,0.0,2.287891219481538,600.0,,0.007833333333333333,
predictive,120,3,500,False,True,,256,256,1011496192,0.0,2.323711608437931,600.0,,0.007833333333333333,
predictive,120,4,500,False,True,,254,251,991740407,0.0,2.3418593915554844,600.0,,0.007833333333333333,
predictive,1800,0,500,True,False,150.87091994285583,0,0,0,0.0,,,0.0024306981546348997,0.007833333333333333,68.96981079189489
predictive,1800,1,500,True,False,152.8084752559662,1,1,3951157,0.0,,600.0,0.0024619143235683444,0.007833333333333333,68.57130650763816
predictive,1800,2,500,True,False,150.87086606025696,0,0,0,0.0,,,0.002430697286526362,0.007833333333333333,68.96982187413154
predictive,1800,3,500,True,False,152.7790448665619,1,1,3951157,0.0,,600.0,0.0024614401672946084,0.007833333333333333,68.57735956645182
predictive,1800,4,500,True,False,150.81231021881104,0,0,0,0.0,,,0.0024297538868586223,0.007833333333333333,68.98186527414525
predictive,300,0,500,True,False,199.07355642318726,24,24,94827768,0.0,5.268593518630318,600.0,0.0032072961868180173,0.007833333333333333,59.05579335976998
predictive,300,1,500,True,False,204.70903182029724,29,29,114583553,0.0,2.1504374657358443,600.0,0.003298089957104789,0.007833333333333333,57.89672395185376
predictive,300,2,500,True,False,169.68676590919495,10,10,39511570,0.0,2.17611296971639,600.0,0.002733842339648141,0.007833333333333333,65.09988502576842
predictive,300,3,500,True,False,192.10819172859192,21,21,82974297,0.0,2.25684769153595,600.0,0.003095076422293981,0.007833333333333333,60.488386098374704
predictive,300,4,500,True,False,163.76883697509766,7,7,27658099,0.0,2.105010430018107,600.0,0.0026384979290432404,0.007833333333333333,66.31704771434161
predictive,600,0,500,True,False,158.5149953365326,4,4,15804628,0.0,2.1311796506245932,600.0,0.002553852702644136,0.007833333333333333,67.39762507262806
predictive,600,1,500,True,False,158.43798208236694,4,4,15804628,0.0,40.39997378985087,600.0,0.002552611933549245,0.007833333333333333,67.41346467809475
predictive,600,2,500,True,False,154.68938207626343,2,2,7902314,0.0,2.15326189994812,600.0,0.0024922178223398,0.007833333333333333,68.18445333183234
predictive,600,3,500,True,False,167.93312621116638,9,9,35560413,0.0,2.1854864060878754,600.0,0.0027055892556243476,0.007833333333333333,65.46056269415726
predictive,600,4,500,True,False,150.88049483299255,0,0,0,0.0,,,0.002430852416753769,0.007833333333333333,68.96784148824975
reactive,120,0,500,True,False,349.2677803039551,4,5,19755785,190.12548661231995,25.844444195429485,,0.0056270920160081655,0.007833333333333333,28.16478277436384
reactive,120,1,500,True,False,375.4803235530853,4,5,19755785,216.3816475868225,80.5745849609375,,0.006049405212799708,0.007833333333333333,22.77355047489733
reactive,120,2,500,True,False,310.81547713279724,2,3,11853471,155.74936509132385,95.5599901676178,,0.005007582687139512,0.007833333333333333,36.07341250460196
reactive,120,3,500,True,False,453.58040618896484,9,10,39511570,284.5163679122925,33.140942960977554,,0.007307684321933323,0.007833333333333333,6.710412911489483
reactive,120,4,500,True,False,151.0224940776825,0,1,3951157,0.0,,,0.002433140182362662,0.007833333333333333,68.93863596983836
reactive,1800,0,500,True,False,151.11867904663086,0,0,0,0.0,,,0.0024346898290846086,0.007833333333333333,68.9188532457284
reactive,1800,1,500,True,False,223.29259848594666,1,1,3951157,70.36159610748291,,,0.0035974918644958074,0.007833333333333333,54.07457194260671
reactive,1800,2,500,True,False,151.04033994674683,0,0,0,0.0,,,0.0024334276991420326,0.007833333333333333,68.93496554286767
reactive,1800,3,500,True,False,151.01178979873657,0,0,0,0.0,,,0.002432967724535201,0.007833333333333333,68.9408375591251
reactive,1800,4,500,True,False,150.94093823432922,0,0,0,0.0,,,0.0024318262271086377,0.007833333333333333,68.95540986669823
reactive,300,0,500,True,False,150.83598828315735,0,0,0,0.0,,,0.002430135366784202,0.007833333333333333,68.97699531764849
reactive,300,1,500,True,False,164.4099383354187,1,1,3951157,11.493141412734985,,,0.002648826784292857,0.007833333333333333,66.18518998775076
reactive,300,2,500,True,False,151.0664267539978,0,1,3951157,0.0,,,0.0024338479865921867,0.007833333333333333,68.92960017116357
reactive,300,3,500,True,False,247.82014870643616,1,2,7902314,94.81344389915466,,,0.003992657951381471,0.007833333333333333,49.02989849300249
reactive,300,4,500,True,False,151.12759494781494,0,0,0,0.0,,,0.002434833474159241,0.007833333333333333,68.9170194788182
reactive,600,0,500,True,False,150.91310119628906,0,0,0,0.0,,,0.002431377741495768,0.007833333333333333,68.96113521494765
reactive,600,1,500,True,False,176.14623475074768,1,1,3951157,23.220126628875732,,,0.002837911559873157,0.007833333333333333,63.771341788853306
reactive,600,2,500,True,False,151.1008870601654,0,0,0,0.0,,,0.002434403180413776,0.007833333333333333,68.92251259046243
reactive,600,3,500,True,False,151.11232137680054,0,1,3951157,0.0,,,0.0024345873999595644,0.007833333333333333,68.92016085158002
reactive,600,4,500,True,False,151.07486033439636,0,0,0,0.0,,,0.0024339838609430528,0.007833333333333333,68.9278656049823
